Employee Number,Employee Name,State,DOB,Sex,Department,Position
1102024149,"Spirea, Kelley",CA,30/09/1975,Female,Admin Offices,Administrative II
1001109612,"Darson, Jene'ya ",CA,11/05/1978,Female,Admin Offices,Administrative II
1000974650,"Stanley, David ",TX,17/12/1970,Male,Admin Offices,Manager
1206043417,"Quinn, Sean",MA,11/06/1964,Male,Admin Offices,Manager
1307060188,"Boutwell, Bonalyn",CA,4/04/1967,Female,Admin Offices,Manager
1011022932,"Hendrickson, Trina",CA,27/08/1972,Female,Admin Offices,Administrative II
1101023619,"Wallace, Theresa",CA,8/02/1980,Female,Admin Offices,Administrative II
1107027575,"LeBel, Jonathan  R",CA,18/10/1981,Male,Admin Offices,Administrative II
1102024115,"LeBlanc, Brandon  R",MA,6/10/1964,Male,Admin Offices,Manager
1105026041,"Gaul, Barbara",CA,12/02/1963,Female,Admin Offices,Administrative II
1102024121,"Motlagh,  Dawn",CA,7/07/1984,Female,Admin Offices,Administrative II
1302053333,"Steans, Tyrone  ",CA,9/01/1966,Male,Admin Offices,Administrative II
1302053362,"Sander, Kamrin",CA,7/10/1988,Female,Admin Offices,Administrative I
1405067565,"Linden, Mathew",CA,19/03/1979,Male,Admin Offices,Administrative I
1106026579,"Gordon, David",TX,21/05/1979,Male,Admin Offices,Administrative II
1107027450,"Jung, Judy  ",CA,17/04/1986,Female,Admin Offices,Administrative I
1408069481,"Dietrich, Jenna  ",CA,14/05/1987,Female,Admin Offices,Administrative I
1011022818,"Walker, Roger",CA,2/10/1976,Male,Admin Offices,Administrative I
1201031308,"Foster-Baker, Amy",TX,16/04/1969,Female,Admin Offices,Manager
1001944783,"Hogland, Jonathan ",MA,7/01/1972,Male,Admin Offices,Administrative II
1405067298,"Sullivan, Kissy ",MA,28/03/1978,Female,Admin Offices,Administrative II
1103024456,"Brown, Mia",MA,24/11/1985,Female,Admin Offices,Administrative II
1307059817,"Singh, Nan ",MA,19/05/1988,Female,Admin Offices,Administrative I
1111030684,"Nguyen, Dheepa",MA,31/03/1989,Female,Admin Offices,Administrative I
1409070147,"Dunn, Amy  ",TX,28/11/1973,Female,Admin Offices,Manager
1499902991,"Robertson, Peter",MA,7/03/1972,Male,Admin Offices,Administrative I
812011761,"Ozark, Travis",MA,19/05/1982,Male,Admin Offices,Administrative I
1101023457,"Buccheri, Joseph  ",MA,28/07/1963,Male,Admin Offices,Administrative I
711007713,"Smith, Leigh Ann",MA,14/06/1967,Female,Admin Offices,Administrative I
1304055947,"Anderson, Linda  ",TX,22/05/1977,Female,Admin Offices,Administrative II
1106026572,"LaRotonda, William  ",TX,26/04/1964,Male,Admin Offices,Administrative II
1209049326,"McKinzie, Jac",TX,7/01/1964,Male,Admin Offices,Administrative I
1412071660,"Leruth, Giovanni",TX,27/12/1988,Male,Admin Offices,Administrative I
1312063714,"Valentin,Jackie",TX,23/05/1991,Female,Admin Offices,Administrative I
1211050782,"Howard, Estelle",TX,16/09/1965,Female,Admin Offices,Administrative I
1001495124,"King, Janet",MA,21/09/1954,Female,Executive Office,Director
1112030816,"Zamora, Jennifer",CA,30/08/1949,Female,Executive Office,Director
1403065721,"Carter, Michelle ",CA,15/05/1963,Female,Executive Office,Director
1209048771,"Martins, Joseph",TX,6/11/1950,Male,Executive Office,Director
1009021646,"Houlihan, Debra",TX,17/03/1956,Female,Executive Office,Director
1499902910,"Smith, John",MA,16/08/1964,Male,Executive Office,Director
1306059197,"Digitale, Alfred",CA,14/09/1968,Male,Executive Office,Director
1192991000,"Foss, Jason",CA,7/05/1950,Male,Information Technlogy,Director
1101023754,"Dougall, Eric",CA,7/09/1960,Male,Information Technlogy,Manager
1106026933,"Roup,Simon",MA,4/05/1963,Male,Information Technlogy,Manager
1001175250,"Ruiz, Ricardo",CA,1/04/1964,Male,Information Technlogy,Manager
1307060199,"Ait Sidi, Karthikeyan   ",MA,5/05/1975,Male,Information Technlogy,Engineer II
1010022337,"Carr, Claudia  N",MA,6/06/1986,Female,Information Technlogy,Engineer II
1111030266,"Roehrich, Bianca",MA,27/05/1973,Female,Information Technlogy,Engineer II
1412071562,"Favis, Donald  ",CA,30/07/1964,Male,Information Technlogy,Engineer II
1011022863,"Monroe, Peter",TX,10/05/1956,Male,Information Technlogy,Manager
1108028108,"Lajiri,  Jyoti",TX,23/04/1986,Male,Information Technlogy,Engineer II
1301052347,"Warfield, Sarah",TX,5/02/1978,Female,Information Technlogy,Engineer II
1411071312,"Daniele, Ann  ",TX,18/01/1952,Female,Information Technlogy,Engineer II
904013591,"Semizoglou, Jeremiah  ",TX,2/09/1983,Male,Information Technlogy,Engineer II
1308060959,"South, Joe",TX,9/09/1965,Male,Information Technlogy,Engineer II
905013738,"Goble, Taisha",MA,23/10/1971,Female,Information Technlogy,Engineer I
1411071506,"Turpin, Jumil",TX,31/03/1969,Male,Information Technlogy,Engineer I
1111030148,"Salter, Jason",MA,17/12/1987,Male,Information Technlogy,Engineer I
1102024056,"Becker, Renee",MA,4/04/1986,Female,Information Technlogy,Engineer I
906014183,"Shepard, Anita ",TX,14/04/1981,Female,Information Technlogy,Engineer I
1108027853,"Petrowsky, Thelma",MA,16/09/1984,Female,Information Technlogy,Engineer I
1203032255,"Rogers, Ivan",MA,26/08/1986,Male,Information Technlogy,Engineer I
1212052023,"Bacong, Alejandro ",TX,1/07/1988,Male,Information Technlogy,Engineer I
1102023965,"Pearson, Randall",MA,9/05/1984,Male,Information Technlogy,Engineer I
1410071156,"Hernandez, Daniff",MA,8/07/1986,Male,Information Technlogy,Engineer I
1003018246,"Johnson, Noelle ",MA,11/07/1986,Female,Information Technlogy,Engineer I
1407068885,"Roby, Lori ",MA,10/11/1981,Female,Information Technlogy,Engineer I
1012023013,"Merlos, Carlos",TX,18/06/1987,Male,Information Technlogy,Engineer I
1105025718,"Horton, Jayne",MA,21/02/1984,Female,Information Technlogy,Engineer I
1102024173,"Cisco, Anthony",TX,24/11/1989,Male,Information Technlogy,Engineer I
1110029732,"Zhou, Julia",MA,24/02/1979,Female,Information Technlogy,Engineer I
1501072093,"Galia, Lisa",CA,7/06/1968,Female,Information Technlogy,Engineer I
808010278,"Simard, Kramer",MA,2/08/1970,Male,Information Technlogy,Engineer I
1301052902,"Clayton, Rick",CA,9/05/1985,Male,Information Technlogy,Engineer I
1988299991,"Gonzalez, Maria",TX,16/04/1981,Female,Information Technlogy,Engineer I
1203032263,"Soto, Julia ",CA,3/12/1973,Female,Information Technlogy,Engineer I
602000312,"Lindsay, Leonara ",CA,10/05/1988,Female,Information Technlogy,Engineer I
1101023540,"Dolan, Linda",TX,18/07/1988,Female,Information Technlogy,Engineer I
1406068403,"Murray, Thomas",TX,7/04/1988,Male,Information Technlogy,Engineer I
1104025466,"Tredinnick, Neville ",TX,5/05/1988,Male,Information Technlogy,Engineer I
1001956578,"Morway, Tanya",TX,4/04/1979,Female,Information Technlogy,Engineer I
1103024679,"Liebig, Ketsia",CA,26/10/1981,Female,Production       ,Manager
1307060077,"Gray, Elijiah  ",CA,7/11/1981,Male,Production       ,Manager
1104025179,"Demita, Carla",CA,25/02/1951,Female,Production       ,Technician II
1006020066,"Bramante, Elisa",MA,19/03/1953,Female,Production       ,Director
1303054329,"Beak, Kimberly  ",CA,17/04/1966,Female,Production       ,Technician II
1308060622,"Gerke, Melisa",CA,15/05/1970,Female,Production       ,Technician II
1407069061,"Sutwell, Barbara",CA,15/08/1968,Female,Production       ,Technician II
1301052449,"Burkett, Benjamin ",CA,19/08/1977,Male,Production       ,Technician II
1403066194,"Beatrice, Courtney ",CA,27/10/1970,Female,Production       ,Technician II
1109029531,"Panjwani, Nina",CA,5/01/1959,Female,Production       ,Technician II
1411071406,"Peters, Lauren",CA,17/08/1966,Female,Production       ,Technician II
1107027351,"Miller, Brannon",TX,8/10/1981,Male,Production       ,Manager
1106026462,"Sahoo, Adil",CA,26/04/1966,Male,Production       ,Technician II
1106026896,"Stoica, Rick",CA,14/03/1985,Male,Production       ,Technician I
1406068241,"Harrell, Ludwick",CA,9/02/1982,Male,Production       ,Technician I
1011022883,"Alagbe,Trina",CA,27/09/1988,Female,Production       ,Technician I
1011022814,"Volk, Colleen",CA,6/03/1986,Female,Production       ,Technician I
1211050793,"Rhoads, Thomas",CA,22/07/1982,Male,Production       ,Technician I
1311063114,"Carey, Michael  ",CA,2/02/1983,Male,Production       ,Technician I
1411071212,"Gonzalez, Cayo",TX,29/09/1969,Male,Production       ,Technician II
1107027392,"Evensen, April",CA,5/06/1989,Female,Production       ,Technician I
1402065355,"Peterson, Ebonee  ",MA,5/09/1977,Female,Production       ,Manager
1410071026,"Wallace, Courtney  E",MA,14/11/1955,Female,Production       ,Manager
1403065874,"Immediato, Walter",MA,15/11/1976,Male,Production       ,Manager
1303054580,"Bozzi, Charles",MA,3/10/1970,Male,Production       ,Manager
1110029990,"Butler, Webster  L",MA,8/09/1963,Male,Production       ,Manager
1501072311,"Albert, Michael  ",MA,10/10/1968,Male,Production       ,Manager
1001856521,"Oliver, Brooke ",MA,2/11/1952,Female,Production       ,Technician II
1301052436,"Moumanil, Maliki ",MA,12/01/1974,Male,Production       ,Technician II
1110029623,"Manchester, Robyn",MA,25/08/1976,Female,Production       ,Technician II
1403066125,"Blount, Dianna",MA,21/09/1970,Female,Production       ,Technician II
1108028351,"Gosciminski, Phylicia  ",MA,12/08/1963,Female,Production       ,Technician II
1103024924,"Hutter, Rosalie",MA,5/07/1972,Female,Production       ,Technician II
1206038000,"Robinson, Alain  ",TX,1/07/1974,Male,Production       ,Technician II
1104025486,"Latif, Mohammed",MA,5/09/1964,Male,Production       ,Technician II
1012023010,"Woodson, Jason",MA,5/11/1965,Male,Production       ,Technician II
1012023103,"Sloan, Constance",MA,25/11/1987,Female,Production       ,Technician I
903013071,"Kirill, Alexandra  ",TX,10/08/1970,Female,Production       ,Technician II
1404066739,"Theamstern, Sophia",TX,5/09/1965,Female,Production       ,Technician II
1409070255,"Tippett, Jeanette",TX,6/05/1967,Female,Production       ,Technician II
1101023839,"Wilber, Barry",TX,9/09/1965,Male,Production       ,Technician II
1501072124,"Desimone, Carl ",TX,19/04/1967,Male,Production       ,Technician II
1201031032,"MacLennan, Samuel",TX,11/09/1972,Male,Production       ,Technician II
1006020020,"Fidelia,  Libby",TX,16/03/1961,Female,Production       ,Technician II
1407069280,"Clukey, Elijian",TX,26/08/1980,Male,Production       ,Technician II
1404066622,"Harrison, Kara",TX,5/02/1974,Female,Production       ,Technician II
1308060754,"Mangal, Debbie",TX,11/07/1974,Female,Production       ,Technician II
1405067138,"Squatrito, Kristen",TX,26/03/1973,Female,Production       ,Technician II
1201031438,"Jackson, Maryellen",TX,9/11/1972,Female,Production       ,Technician II
1204033040,"Ndzi, Horia",TX,28/03/1983,Male,Production       ,Technician I
1109029186,"Perry, Shakira",TX,20/07/1986,Female,Production       ,Technician I
1212051409,"Bachiochi, Linda",TX,2/11/1990,Female,Production       ,Technician I
1209048696,"DiNocco, Lily ",TX,12/02/1989,Female,Production       ,Technician I
1001268402,"Ybarra, Catherine ",TX,5/04/1982,Female,Production       ,Technician I
1401064327,"Maurice, Shana",TX,22/11/1977,Female,Production       ,Technician II
710007555,"Rose, Ashley  ",TX,12/05/1974,Female,Production       ,Technician II
1012023152,"Trang, Mei",TX,16/05/1983,Female,Production       ,Technician I
1101023394,"Chivukula, Enola",TX,27/08/1983,Female,Production       ,Technician I
1311062610,"Kretschmer, John",TX,2/02/1990,Male,Production       ,Technician I
1406068293,"Brill, Donna",TX,24/08/1990,Female,Production       ,Technician I
1203032357,"Nguyen, Lei-Ming",TX,7/07/1984,Female,Production       ,Technician I
1309061015,"Garcia, Raul",TX,15/09/1985,Male,Production       ,Technician I
1302053339,"Fernandes, Nilson  ",TX,18/10/1989,Male,Production       ,Technician I
1305057440,"Pham, Hong",TX,3/06/1988,Male,Production       ,Technician I
1011022887,"Robinson, Elias",TX,28/01/1985,Male,Production       ,Technician I
1304055987,"Langton, Enrico",TX,12/09/1986,Male,Production       ,Technician I
1001735072,"Pitt, Brad ",TX,23/11/1991,Male,Production       ,Technician I
1202031618,"Dobrin, Denisa  S",TX,10/07/1986,Female,Production       ,Technician I
1204032927,"Girifalco, Evelyn",TX,5/08/1990,Female,Production       ,Technician I
1308060366,"Billis, Helen",TX,9/01/1989,Female,Production       ,Technician I
1408069882,"Ivey, Rose ",TX,28/01/1991,Female,Production       ,Technician I
1205033102,"Shields, Seffi",TX,24/08/1985,Female,Production       ,Technician I
1211051232,"Zima, Colleen",TX,17/08/1992,Female,Production       ,Technician I
1411071302,"Fraval, Maruk ",CA,28/08/1963,Male,Sales,Director
1409070567,"Costa, Latia",CA,11/08/1968,Female,Sales,Director
1111030503,"Villanueva, Noah",MA,7/11/1969,Male,Sales,Director
1501072180,"Onque, Jasmine",FL,5/11/1950,Female,Sales,Engineer II
1411071481,"Gonzales, Ricardo",ID,10/12/1954,Male,Sales,Engineer II
1306057978,"Mullaney, Howard",TX,11/02/1975,Male,Sales,Engineer II
1204032843,"Friedman, Gerry",NY,24/02/1969,Male,Sales,Engineer II
1504073313,"Buck, Edward",MA,7/07/1975,Male,Sales,Engineer II
1109029264,"Kampew, Donysha    ",PA,11/11/1959,Female,Sales,Engineer II
1001167253,"Guilianno, Mike",TN,2/09/1969,Male,Sales,Engineer II
1401064637,"Terry, Sharlene ",OR,5/07/1965,Female,Sales,Engineer II
1001084890,Jeremy Prater,NV,5/09/1974,Male,Sales,Engineer II
1302053046,"Gill, Whitney  ",OH,7/10/1981,Female,Sales,Engineer II
1504073368,"Bunbury, Jessica",VA,6/01/1964,Female,Sales,Engineer II
1502072711,"Riordan, Michael",ND,15/01/1968,Male,Sales,Engineer I
1104025008,"Khemmich, Bartholemew",CO,27/11/1979,Male,Sales,Engineer I
1411071295,"Strong, Caitrin",MT,5/12/1982,Female,Sales,Engineer I
1203032099,"Givens, Myriam",IN,22/09/1983,Female,Sales,Engineer I
1402065303,"Daneault, Lynn",CA,19/04/1980,Female,Sales,Engineer I
1102024106,"Potts, Xana",TX,29/08/1978,Female,Sales,Engineer I
1203032498,"Del Bosque, Keyla",CA,7/05/1979,Female,Software Engineering,Engineer II
1303054625,"Martin, Sandra",CA,11/07/1987,Female,Software Engineering,Engineer II
1101023577,"Carabbio, Judith",TX,4/05/1987,Female,Software Engineering,Engineer II
1112030979,"Patronick, Luke",MA,20/02/1979,Male,Software Engineering,Engineer II
1404066949,"Osturnka, Adeel",CA,12/11/1976,Male,Software Engineering,Engineer II
1403066020,"Ngodup, Shari ",TX,6/03/1967,Female,Software Engineering,Engineer II
1101023353,"Lydon, Allison",CA,22/10/1975,Female,Software Engineering,Engineer I
1201031324,"Szabo, Andrew",MA,5/06/1983,Male,Software Engineering,Engineer II
1012023185,"Saada, Adell",TX,24/07/1986,Female,Software Engineering,Engineer II
1107027358,"Andreola, Colby",CA,24/05/1979,Female,Software Engineering,Engineer II
1401064670,"Exantus, Susan",TX,15/05/1987,Female,Software Engineering,Engineer II
1305057282,"Chan, Lin",CA,2/12/1979,Female,Software Engineering,Engineer I
1410070998,"Saar-Beckles, Melinda",CA,6/06/1968,Female,Software Engineering,Engineer I
1102024057,"True, Edward",MA,14/06/1983,Male,Software Engineering,Engineer II
1307060083,"Baczenski, Rachael  ",TX,1/12/1974,Female,Software Engineering,Engineer I
1109029366,"Bernstein, Sean",TX,22/12/1970,Male,Software Engineering,Engineer I
1410071137,"Sparks, Taylor  ",TX,20/07/1968,Female,Software Engineering,Engineer I
1599991009,"Cockel, James",TX,9/08/1977,Male,Software Engineering,Engineer I
1001644719,"Sweetwater, Alex",MA,22/11/1956,Male,Software Engineering     ,Manager
